<?xml version="1.0" encoding="UTF-8"?>
<export version="D">
  <design>
    <source>${KIPRJMOD}/adapter_tsop48.sch</source>
    <date>нд, 02-чер-2019 21:18:30 +0300</date>
    <tool>Eeschema 5.0.2-bee76a0~70~ubuntu18.04.1</tool>
    <sheet number="1" name="/" tstamps="/">
      <title_block>
        <title>NANDO TSOP-48 adapter</title>
        <company/>
        <rev>v1.0</rev>
        <date/>
        <source>adapter_tsop48.sch</source>
        <comment number="1" value=""/>
        <comment number="2" value=""/>
        <comment number="3" value=""/>
        <comment number="4" value=""/>
      </title_block>
    </sheet>
  </design>
  <components>
    <comp ref="P1">
      <value>TSOP-48_adapter</value>
      <libsource lib="nand_programmator" part="TSOP-48_adapter" description=""/>
      <sheetpath names="/" tstamps="/"/>
      <tstamp>5CF40DF6</tstamp>
    </comp>
    <comp ref="J1">
      <value>Conn_02x12_Odd_Even_Left</value>
      <datasheet>~</datasheet>
      <libsource lib="nand_programmator" part="Conn_02x12_Odd_Even_Left" description="Generic connector, double row, 02x12, odd/even pin numbering scheme (row 1 odd numbers, row 2 even numbers), script generated (kicad-library-utils/schlib/autogen/connector/)"/>
      <sheetpath names="/" tstamps="/"/>
      <tstamp>5CF40E79</tstamp>
    </comp>
    <comp ref="J2">
      <value>Conn_02x12_Odd_Even_Right</value>
      <datasheet>~</datasheet>
      <libsource lib="nand_programmator" part="Conn_02x12_Odd_Even_Right" description="Generic connector, double row, 02x12, odd/even pin numbering scheme (row 1 odd numbers, row 2 even numbers), script generated (kicad-library-utils/schlib/autogen/connector/)"/>
      <sheetpath names="/" tstamps="/"/>
      <tstamp>5CF40FDA</tstamp>
    </comp>
  </components>
  <libparts>
    <libpart lib="nand_programmator" part="Conn_02x12_Odd_Even_Left">
      <description>Generic connector, double row, 02x12, odd/even pin numbering scheme (row 1 odd numbers, row 2 even numbers), script generated (kicad-library-utils/schlib/autogen/connector/)</description>
      <docs>~</docs>
      <footprints>
        <fp>Connector*:*_2x??_*</fp>
      </footprints>
      <fields>
        <field name="Reference">J</field>
        <field name="Value">Conn_02x12_Odd_Even_Left</field>
      </fields>
      <pins>
        <pin num="1" name="Pin_1" type="passive"/>
        <pin num="2" name="Pin_2" type="passive"/>
        <pin num="3" name="Pin_3" type="passive"/>
        <pin num="4" name="Pin_4" type="passive"/>
        <pin num="5" name="Pin_5" type="passive"/>
        <pin num="6" name="Pin_6" type="passive"/>
        <pin num="7" name="Pin_7" type="passive"/>
        <pin num="8" name="Pin_8" type="passive"/>
        <pin num="9" name="Pin_9" type="passive"/>
        <pin num="10" name="Pin_10" type="passive"/>
        <pin num="11" name="Pin_11" type="passive"/>
        <pin num="12" name="Pin_12" type="passive"/>
        <pin num="13" name="Pin_13" type="passive"/>
        <pin num="14" name="Pin_14" type="passive"/>
        <pin num="15" name="Pin_15" type="passive"/>
        <pin num="16" name="Pin_16" type="passive"/>
        <pin num="17" name="Pin_17" type="passive"/>
        <pin num="18" name="Pin_18" type="passive"/>
        <pin num="19" name="Pin_19" type="passive"/>
        <pin num="20" name="Pin_20" type="passive"/>
        <pin num="21" name="Pin_21" type="passive"/>
        <pin num="22" name="Pin_22" type="passive"/>
        <pin num="23" name="Pin_23" type="passive"/>
        <pin num="24" name="Pin_24" type="passive"/>
      </pins>
    </libpart>
    <libpart lib="nand_programmator" part="Conn_02x12_Odd_Even_Right">
      <description>Generic connector, double row, 02x12, odd/even pin numbering scheme (row 1 odd numbers, row 2 even numbers), script generated (kicad-library-utils/schlib/autogen/connector/)</description>
      <docs>~</docs>
      <footprints>
        <fp>Connector*:*_2x??_*</fp>
      </footprints>
      <fields>
        <field name="Reference">J</field>
        <field name="Value">Conn_02x12_Odd_Even_Right</field>
      </fields>
      <pins>
        <pin num="25" name="Pin_25" type="passive"/>
        <pin num="26" name="Pin_26" type="passive"/>
        <pin num="27" name="Pin_27" type="passive"/>
        <pin num="28" name="Pin_28" type="passive"/>
        <pin num="29" name="Pin_29" type="passive"/>
        <pin num="30" name="Pin_30" type="passive"/>
        <pin num="31" name="Pin_31" type="passive"/>
        <pin num="32" name="Pin_32" type="passive"/>
        <pin num="33" name="Pin_33" type="passive"/>
        <pin num="34" name="Pin_34" type="passive"/>
        <pin num="35" name="Pin_35" type="passive"/>
        <pin num="36" name="Pin_36" type="passive"/>
        <pin num="37" name="Pin_37" type="passive"/>
        <pin num="38" name="Pin_38" type="passive"/>
        <pin num="39" name="Pin_39" type="passive"/>
        <pin num="40" name="Pin_40" type="passive"/>
        <pin num="41" name="Pin_41" type="passive"/>
        <pin num="42" name="Pin_42" type="passive"/>
        <pin num="43" name="Pin_43" type="passive"/>
        <pin num="44" name="Pin_44" type="passive"/>
        <pin num="45" name="Pin_45" type="passive"/>
        <pin num="46" name="Pin_46" type="passive"/>
        <pin num="47" name="Pin_47" type="passive"/>
        <pin num="48" name="Pin_48" type="passive"/>
      </pins>
    </libpart>
    <libpart lib="nand_programmator" part="TSOP-48_adapter">
      <fields>
        <field name="Reference">P</field>
        <field name="Value">TSOP-48_adapter</field>
      </fields>
      <pins>
        <pin num="1" name="Pin_1" type="passive"/>
        <pin num="2" name="Pin_2" type="passive"/>
        <pin num="3" name="Pin_3" type="passive"/>
        <pin num="4" name="Pin_4" type="passive"/>
        <pin num="5" name="Pin_5" type="passive"/>
        <pin num="6" name="Pin_6" type="passive"/>
        <pin num="7" name="Pin_7" type="passive"/>
        <pin num="8" name="Pin_8" type="passive"/>
        <pin num="9" name="Pin_9" type="passive"/>
        <pin num="10" name="Pin_10" type="passive"/>
        <pin num="11" name="Pin_11" type="passive"/>
        <pin num="12" name="Pin_12" type="passive"/>
        <pin num="13" name="Pin_13" type="passive"/>
        <pin num="14" name="Pin_14" type="passive"/>
        <pin num="15" name="Pin_15" type="passive"/>
        <pin num="16" name="Pin_16" type="passive"/>
        <pin num="17" name="Pin_17" type="passive"/>
        <pin num="18" name="Pin_18" type="passive"/>
        <pin num="19" name="Pin_19" type="passive"/>
        <pin num="20" name="Pin_20" type="passive"/>
        <pin num="21" name="Pin_21" type="passive"/>
        <pin num="22" name="Pin_22" type="passive"/>
        <pin num="23" name="Pin_23" type="passive"/>
        <pin num="24" name="Pin_24" type="passive"/>
        <pin num="25" name="Pin_25" type="passive"/>
        <pin num="26" name="Pin_26" type="passive"/>
        <pin num="27" name="Pin_27" type="passive"/>
        <pin num="28" name="Pin_28" type="passive"/>
        <pin num="29" name="Pin_29" type="passive"/>
        <pin num="30" name="Pin_30" type="passive"/>
        <pin num="31" name="Pin_31" type="passive"/>
        <pin num="32" name="Pin_32" type="passive"/>
        <pin num="33" name="Pin_33" type="passive"/>
        <pin num="34" name="Pin_34" type="passive"/>
        <pin num="35" name="Pin_35" type="passive"/>
        <pin num="36" name="Pin_36" type="passive"/>
        <pin num="37" name="Pin_37" type="passive"/>
        <pin num="38" name="Pin_38" type="passive"/>
        <pin num="39" name="Pin_39" type="passive"/>
        <pin num="40" name="Pin_40" type="passive"/>
        <pin num="41" name="Pin_41" type="passive"/>
        <pin num="42" name="Pin_42" type="passive"/>
        <pin num="43" name="Pin_43" type="passive"/>
        <pin num="44" name="Pin_44" type="passive"/>
        <pin num="45" name="Pin_45" type="passive"/>
        <pin num="46" name="Pin_46" type="passive"/>
        <pin num="47" name="Pin_47" type="passive"/>
        <pin num="48" name="Pin_48" type="passive"/>
      </pins>
    </libpart>
  </libparts>
  <libraries>
    <library logical="nand_programmator">
      <uri>${KIPRJMOD}/../sch_lib/nand_programmator.lib</uri>
    </library>
  </libraries>
  <nets>
    <net code="1" name="Net-(J2-Pad35)">
      <node ref="P1" pin="35"/>
      <node ref="J2" pin="35"/>
    </net>
    <net code="2" name="Net-(J2-Pad33)">
      <node ref="J2" pin="33"/>
      <node ref="P1" pin="33"/>
    </net>
    <net code="3" name="Net-(J1-Pad23)">
      <node ref="J1" pin="23"/>
      <node ref="P1" pin="23"/>
    </net>
    <net code="4" name="Net-(J1-Pad2)">
      <node ref="J1" pin="2"/>
      <node ref="P1" pin="2"/>
    </net>
    <net code="5" name="Net-(J2-Pad25)">
      <node ref="P1" pin="25"/>
      <node ref="J2" pin="25"/>
    </net>
    <net code="6" name="Net-(J2-Pad27)">
      <node ref="J2" pin="27"/>
      <node ref="P1" pin="27"/>
    </net>
    <net code="7" name="Net-(J1-Pad21)">
      <node ref="J1" pin="21"/>
      <node ref="P1" pin="21"/>
    </net>
    <net code="8" name="Net-(J2-Pad29)">
      <node ref="J2" pin="29"/>
      <node ref="P1" pin="29"/>
    </net>
    <net code="9" name="Net-(J2-Pad31)">
      <node ref="P1" pin="31"/>
      <node ref="J2" pin="31"/>
    </net>
    <net code="10" name="Net-(J2-Pad47)">
      <node ref="J2" pin="47"/>
      <node ref="P1" pin="47"/>
    </net>
    <net code="11" name="Net-(J1-Pad13)">
      <node ref="J1" pin="13"/>
      <node ref="P1" pin="13"/>
    </net>
    <net code="12" name="Net-(J2-Pad45)">
      <node ref="P1" pin="45"/>
      <node ref="J2" pin="45"/>
    </net>
    <net code="13" name="Net-(J2-Pad43)">
      <node ref="J2" pin="43"/>
      <node ref="P1" pin="43"/>
    </net>
    <net code="14" name="Net-(J1-Pad19)">
      <node ref="J1" pin="19"/>
      <node ref="P1" pin="19"/>
    </net>
    <net code="15" name="Net-(J1-Pad17)">
      <node ref="P1" pin="17"/>
      <node ref="J1" pin="17"/>
    </net>
    <net code="16" name="Net-(J1-Pad15)">
      <node ref="J1" pin="15"/>
      <node ref="P1" pin="15"/>
    </net>
    <net code="17" name="Net-(J2-Pad42)">
      <node ref="J2" pin="42"/>
      <node ref="P1" pin="42"/>
    </net>
    <net code="18" name="Net-(J2-Pad36)">
      <node ref="P1" pin="36"/>
      <node ref="J2" pin="36"/>
    </net>
    <net code="19" name="Net-(J2-Pad38)">
      <node ref="P1" pin="38"/>
      <node ref="J2" pin="38"/>
    </net>
    <net code="20" name="Net-(J2-Pad40)">
      <node ref="P1" pin="40"/>
      <node ref="J2" pin="40"/>
    </net>
    <net code="21" name="Net-(J2-Pad44)">
      <node ref="P1" pin="44"/>
      <node ref="J2" pin="44"/>
    </net>
    <net code="22" name="Net-(J2-Pad46)">
      <node ref="P1" pin="46"/>
      <node ref="J2" pin="46"/>
    </net>
    <net code="23" name="Net-(J2-Pad48)">
      <node ref="P1" pin="48"/>
      <node ref="J2" pin="48"/>
    </net>
    <net code="24" name="Net-(J2-Pad26)">
      <node ref="P1" pin="26"/>
      <node ref="J2" pin="26"/>
    </net>
    <net code="25" name="Net-(J2-Pad28)">
      <node ref="P1" pin="28"/>
      <node ref="J2" pin="28"/>
    </net>
    <net code="26" name="Net-(J2-Pad30)">
      <node ref="P1" pin="30"/>
      <node ref="J2" pin="30"/>
    </net>
    <net code="27" name="Net-(J2-Pad32)">
      <node ref="J2" pin="32"/>
      <node ref="P1" pin="32"/>
    </net>
    <net code="28" name="Net-(J2-Pad34)">
      <node ref="P1" pin="34"/>
      <node ref="J2" pin="34"/>
    </net>
    <net code="29" name="Net-(J1-Pad8)">
      <node ref="P1" pin="8"/>
      <node ref="J1" pin="8"/>
    </net>
    <net code="30" name="Net-(J1-Pad14)">
      <node ref="J1" pin="14"/>
      <node ref="P1" pin="14"/>
    </net>
    <net code="31" name="Net-(J1-Pad12)">
      <node ref="J1" pin="12"/>
      <node ref="P1" pin="12"/>
    </net>
    <net code="32" name="Net-(J1-Pad10)">
      <node ref="J1" pin="10"/>
      <node ref="P1" pin="10"/>
    </net>
    <net code="33" name="Net-(J1-Pad6)">
      <node ref="P1" pin="6"/>
      <node ref="J1" pin="6"/>
    </net>
    <net code="34" name="Net-(J1-Pad4)">
      <node ref="J1" pin="4"/>
      <node ref="P1" pin="4"/>
    </net>
    <net code="35" name="Net-(J1-Pad20)">
      <node ref="J1" pin="20"/>
      <node ref="P1" pin="20"/>
    </net>
    <net code="36" name="Net-(J1-Pad24)">
      <node ref="J1" pin="24"/>
      <node ref="P1" pin="24"/>
    </net>
    <net code="37" name="Net-(J1-Pad22)">
      <node ref="J1" pin="22"/>
      <node ref="P1" pin="22"/>
    </net>
    <net code="38" name="Net-(J1-Pad18)">
      <node ref="P1" pin="18"/>
      <node ref="J1" pin="18"/>
    </net>
    <net code="39" name="Net-(J1-Pad16)">
      <node ref="J1" pin="16"/>
      <node ref="P1" pin="16"/>
    </net>
    <net code="40" name="Net-(J1-Pad9)">
      <node ref="J1" pin="9"/>
      <node ref="P1" pin="9"/>
    </net>
    <net code="41" name="Net-(J1-Pad7)">
      <node ref="P1" pin="7"/>
      <node ref="J1" pin="7"/>
    </net>
    <net code="42" name="Net-(J1-Pad5)">
      <node ref="P1" pin="5"/>
      <node ref="J1" pin="5"/>
    </net>
    <net code="43" name="Net-(J2-Pad41)">
      <node ref="J2" pin="41"/>
      <node ref="P1" pin="41"/>
    </net>
    <net code="44" name="Net-(J1-Pad11)">
      <node ref="J1" pin="11"/>
      <node ref="P1" pin="11"/>
    </net>
    <net code="45" name="Net-(J2-Pad37)">
      <node ref="J2" pin="37"/>
      <node ref="P1" pin="37"/>
    </net>
    <net code="46" name="Net-(J1-Pad3)">
      <node ref="P1" pin="3"/>
      <node ref="J1" pin="3"/>
    </net>
    <net code="47" name="Net-(J1-Pad1)">
      <node ref="P1" pin="1"/>
      <node ref="J1" pin="1"/>
    </net>
    <net code="48" name="Net-(J2-Pad39)">
      <node ref="P1" pin="39"/>
      <node ref="J2" pin="39"/>
    </net>
  </nets>
</export>
